<?xml version="1.0" encoding="windows-1252" ?>
<!DOCTYPE Association SYSTEM "jbo_03_01.dtd">
<!---->
<Association
  xmlns="http://xmlns.oracle.com/bc4j"
  Name="EmpJobFkAssoc"
  Version="12.2.1.23.16"
  InheritPersonalization="merge">
  <DesignTime>
    <Attr Name="_isCodegen" Value="true"/>
  </DesignTime>
  <AssociationEnd
    Name="Jobs"
    Cardinality="1"
    Source="true"
    Owner="demo.model.Jobs">
    <DesignTime>
      <Attr Name="_isUpdateable" Value="true"/>
      <Attr Name="_minCardinality" Value="1"/>
      <Attr Name="_aggregation" Value="0"/>
      <Attr Name="_finderName" Value="Jobs"/>
      <Attr Name="_foreignKey" Value="demo.model.Jobs.JobIdPk"/>
    </DesignTime>
    <AttrArray Name="Attributes">
      <Item Value="demo.model.Jobs.JobId"/>
    </AttrArray>
  </AssociationEnd>
  <AssociationEnd
    Name="Employees"
    Cardinality="-1"
    Owner="demo.model.Employees">
    <DesignTime>
      <Attr Name="_isUpdateable" Value="true"/>
      <Attr Name="_aggregation" Value="0"/>
      <Attr Name="_finderName" Value="Employees"/>
      <Attr Name="_foreignKey" Value="demo.model.Employees.EmpJobFk"/>
    </DesignTime>
    <AttrArray Name="Attributes">
      <Item Value="demo.model.Employees.JobId"/>
    </AttrArray>
  </AssociationEnd>
</Association>
