<?xml version="1.0" encoding="windows-1252" ?>
<adfc-config xmlns="http://xmlns.oracle.com/adf/controller" version="1.2">
  <task-flow-definition id="JobSearch">
    <default-activity>search</default-activity>
    <data-control-scope>
      <shared/>
    </data-control-scope>
    <view id="search">
      <page>/search.jsff</page>
    </view>
    <view id="edit">
      <page>/edit.jsff</page>
    </view>
    <control-flow-rule id="__1">
      <from-activity-id>search</from-activity-id>
      <control-flow-case id="__2">
        <from-outcome>edit</from-outcome>
        <to-activity-id>edit</to-activity-id>
      </control-flow-case>
    </control-flow-rule>
    <control-flow-rule id="__3">
      <from-activity-id>edit</from-activity-id>
      <control-flow-case id="__4">
        <from-outcome>back</from-outcome>
        <to-activity-id>search</to-activity-id>
      </control-flow-case>
    </control-flow-rule>
    <use-page-fragments/>
  </task-flow-definition>
</adfc-config>
